pixel_number,run_number,detector,source
11,8655,UDET: VALENTINE,Bi-207-9177 Y2-744
11,8709,UDET: VALENTINE,Bi-207-9177 Y2-744
11,8855,UDET: VALENTINE,Bi-207-9177 Y2-744
12,8646,UDET: VALENTINE,Bi-207-9177 Y2-744
12,8848,UDET: VALENTINE,Bi-207-9177 Y2-744
17,8631,UDET: VALENTINE,Bi-207-9176 Y2-743
17,8647,UDET: VALENTINE,Bi-207-9176 Y2-743
17,8690,UDET: VALENTINE,Bi-207-9176 Y2-743
17,8828,UDET: VALENTINE,Bi-207-9176 Y2-743
17,8839,UDET: VALENTINE,Bi-207-9176 Y2-743
17,8847,UDET: VALENTINE,Bi-207-9176 Y2-743
19,8643,UDET: VALENTINE,Bi-207-9177 Y2-744
19,8696,UDET: VALENTINE,Bi-207-9177 Y2-744
19,8859,UDET: VALENTINE,Bi-207-9177 Y2-744
20,8625,UDET: VALENTINE,Bi-207-9177 Y2-744
20,8684,UDET: VALENTINE,Bi-207-9177 Y2-744
20,8832,UDET: VALENTINE,Bi-207-9177 Y2-744
21,8631,UDET: VALENTINE,Bi-207-9177 Y2-744
21,8839,UDET: VALENTINE,Bi-207-9177 Y2-744
26,8624,UDET: VALENTINE,Bi-207-9176 Y2-743
26,8630,UDET: VALENTINE,Bi-207-9176 Y2-743
26,8683,UDET: VALENTINE,Bi-207-9176 Y2-743
26,8689,UDET: VALENTINE,Bi-207-9176 Y2-743
26,8828,UDET: VALENTINE,Bi-207-9176 Y2-743
26,8834,UDET: VALENTINE,Bi-207-9176 Y2-743
26,8840,UDET: VALENTINE,Bi-207-9176 Y2-743
26,8847,UDET: VALENTINE,Bi-207-9176 Y2-743
28,8637,UDET: VALENTINE,Bi-207-9177 Y2-744
28,8694,UDET: VALENTINE,Bi-207-9177 Y2-744
28,8860,UDET: VALENTINE,Bi-207-9177 Y2-744
29,8624,UDET: VALENTINE,Bi-207-9177 Y2-744
29,8654,UDET: VALENTINE,Bi-207-9177 Y2-744
29,8683,UDET: VALENTINE,Bi-207-9177 Y2-744
29,8708,UDET: VALENTINE,Bi-207-9177 Y2-744
29,8834,UDET: VALENTINE,Bi-207-9177 Y2-744
29,8854,UDET: VALENTINE,Bi-207-9177 Y2-744
30,8630,UDET: VALENTINE,Bi-207-9177 Y2-744
30,8647,UDET: VALENTINE,Bi-207-9177 Y2-744
30,8657,UDET: VALENTINE,Bi-207-9177 Y2-744
30,8689,UDET: VALENTINE,Bi-207-9177 Y2-744
30,8699,UDET: VALENTINE,Bi-207-9177 Y2-744
30,8824,UDET: VALENTINE,Bi-207-9177 Y2-744
30,8828,UDET: VALENTINE,Bi-207-9177 Y2-744
30,8840,UDET: VALENTINE,Bi-207-9177 Y2-744
30,8847,UDET: VALENTINE,Bi-207-9177 Y2-744
31,8656,UDET: VALENTINE,Bi-207-8890 X5-302
31,8710,UDET: VALENTINE,Bi-207-8890 X5-302
31,8856,UDET: VALENTINE,Bi-207-8890 X5-302
32,8637,UDET: VALENTINE,Bi-207-8890 W8-435
32,8654,UDET: VALENTINE,Bi-207-8890 W8-435
32,8694,UDET: VALENTINE,Bi-207-8890 W8-435
32,8708,UDET: VALENTINE,Bi-207-8890 W8-435
32,8854,UDET: VALENTINE,Bi-207-8890 W8-435
32,8860,UDET: VALENTINE,Bi-207-8890 W8-435
37,8648,UDET: VALENTINE,Bi-207-9176 Y2-743
37,8715,UDET: VALENTINE,Bi-207-9176 Y2-743
37,8846,UDET: VALENTINE,Bi-207-9176 Y2-743
39,8637,UDET: VALENTINE,Bi-207-9177 Y2-744
39,8653,UDET: VALENTINE,Bi-207-9177 Y2-744
39,8694,UDET: VALENTINE,Bi-207-9177 Y2-744
39,8707,UDET: VALENTINE,Bi-207-9177 Y2-744
39,8853,UDET: VALENTINE,Bi-207-9177 Y2-744
39,8860,UDET: VALENTINE,Bi-207-9177 Y2-744
40,8624,UDET: VALENTINE,Bi-207-9177 Y2-744
40,8648,UDET: VALENTINE,Bi-207-9177 Y2-744
40,8683,UDET: VALENTINE,Bi-207-9177 Y2-744
40,8715,UDET: VALENTINE,Bi-207-9177 Y2-744
40,8834,UDET: VALENTINE,Bi-207-9177 Y2-744
40,8846,UDET: VALENTINE,Bi-207-9177 Y2-744
41,8645,UDET: VALENTINE,Bi-207-8890 X5-302
41,8698,UDET: VALENTINE,Bi-207-8890 X5-302
41,8858,UDET: VALENTINE,Bi-207-8890 X5-302
42,8658,UDET: VALENTINE,Bi-207-8890 X5-302
42,8711,UDET: VALENTINE,Bi-207-8890 X5-302
42,8831,UDET: VALENTINE,Bi-207-8890 X5-302
43,8653,UDET: VALENTINE,Bi-207-8890 W8-435
43,8707,UDET: VALENTINE,Bi-207-8890 W8-435
43,8853,UDET: VALENTINE,Bi-207-8890 W8-435
47,8623,UDET: VALENTINE,Bi-207-9176 Y2-743
47,8652,UDET: VALENTINE,Bi-207-9176 Y2-743
47,8682,UDET: VALENTINE,Bi-207-9176 Y2-743
47,8706,UDET: VALENTINE,Bi-207-9176 Y2-743
47,8835,UDET: VALENTINE,Bi-207-9176 Y2-743
47,8850,UDET: VALENTINE,Bi-207-9176 Y2-743
48,8623,UDET: VALENTINE,Bi-207-9176 Y2-743
48,8629,UDET: VALENTINE,Bi-207-9176 Y2-743
48,8649,UDET: VALENTINE,Bi-207-9176 Y2-743
48,8682,UDET: VALENTINE,Bi-207-9176 Y2-743
48,8688,UDET: VALENTINE,Bi-207-9176 Y2-743
48,8713,UDET: VALENTINE,Bi-207-9176 Y2-743
48,8716,UDET: VALENTINE,Bi-207-9176 Y2-743
48,8835,UDET: VALENTINE,Bi-207-9176 Y2-743
48,8841,UDET: VALENTINE,Bi-207-9176 Y2-743
48,8845,UDET: VALENTINE,Bi-207-9176 Y2-743
50,8636,UDET: VALENTINE,Bi-207-9177 Y2-744
50,8693,UDET: VALENTINE,Bi-207-9177 Y2-744
50,8861,UDET: VALENTINE,Bi-207-9177 Y2-744
51,8623,UDET: VALENTINE,Bi-207-9177 Y2-744
51,8682,UDET: VALENTINE,Bi-207-9177 Y2-744
51,8835,UDET: VALENTINE,Bi-207-9177 Y2-744
52,8629,UDET: VALENTINE,Bi-207-9177 Y2-744
52,8643,UDET: VALENTINE,Bi-207-8890 X5-302
52,8688,UDET: VALENTINE,Bi-207-8890 X5-302
52,8696,UDET: VALENTINE,Bi-207-8890 X5-302
52,8841,UDET: VALENTINE,Bi-207-8890 X5-302
52,8855,UDET: VALENTINE,Bi-207-8890 X5-302
52,8859,UDET: VALENTINE,Bi-207-8890 X5-302
53,8625,UDET: VALENTINE,Bi-207-8890 X5-302
53,8655,UDET: VALENTINE,Bi-207-8890 X5-302
53,8684,UDET: VALENTINE,Bi-207-8890 X5-302
53,8709,UDET: VALENTINE,Bi-207-8890 X5-302
53,8721,UDET: VALENTINE,Bi-207-8890 X5-302
53,8827,UDET: VALENTINE,Bi-207-8890 X5-302
53,8832,UDET: VALENTINE,Bi-207-8890 X5-302
53,8855,UDET: VALENTINE,Bi-207-8890 X5-302
53,8865,UDET: VALENTINE,Bi-207-8890 X5-302
54,8631,UDET: VALENTINE,Bi-207-8890 X5-302
54,8636,UDET: VALENTINE,Bi-207-8890 W8-435
54,8646,UDET: VALENTINE,Bi-207-8890 X5-302
54,8693,UDET: VALENTINE,Bi-207-8890 W8-435
55,8623,UDET: VALENTINE,Bi-207-8890 W8-435
55,8682,UDET: VALENTINE,Bi-207-8890 W8-435
55,8835,UDET: VALENTINE,Bi-207-8890 W8-435
60,8622,UDET: VALENTINE,Bi-207-9176 Y2-743
60,8681,UDET: VALENTINE,Bi-207-9176 Y2-743
61,8628,UDET: VALENTINE,Bi-207-9176 Y2-743
61,8687,UDET: VALENTINE,Bi-207-9176 Y2-743
61,8842,UDET: VALENTINE,Bi-207-9176 Y2-743
63,8652,UDET: VALENTINE,Bi-207-9177 Y2-744
63,8692,UDET: VALENTINE,Bi-207-9177 Y2-744
63,8706,UDET: VALENTINE,Bi-207-9177 Y2-744
63,8850,UDET: VALENTINE,Bi-207-9177 Y2-744
63,8862,UDET: VALENTINE,Bi-207-9177 Y2-744
64,8622,UDET: VALENTINE,Bi-207-9177 Y2-744
64,8649,UDET: VALENTINE,Bi-207-9177 Y2-744
64,8681,UDET: VALENTINE,Bi-207-9177 Y2-744
64,8713,UDET: VALENTINE,Bi-207-9177 Y2-744
64,8716,UDET: VALENTINE,Bi-207-9177 Y2-744
64,8845,UDET: VALENTINE,Bi-207-9177 Y2-744
65,8654,UDET: VALENTINE,Bi-207-8890 X5-302
65,8708,UDET: VALENTINE,Bi-207-8890 X5-302
65,8854,UDET: VALENTINE,Bi-207-8890 X5-302
66,8625,UDET: VALENTINE,Bi-207-8890 X5-302
66,8635,UDET: VALENTINE,Bi-207-8890 W8-435
66,8647,UDET: VALENTINE,Bi-207-8890 W8-435
66,8684,UDET: VALENTINE,Bi-207-8890 W8-435
66,8692,UDET: VALENTINE,Bi-207-8890 W8-435
66,8828,UDET: VALENTINE,Bi-207-8890 W8-435
66,8847,UDET: VALENTINE,Bi-207-8890 W8-435
66,8862,UDET: VALENTINE,Bi-207-8890 W8-435
67,8622,UDET: VALENTINE,Bi-207-8890 W8-435
67,8652,UDET: VALENTINE,Bi-207-8890 W8-435
67,8681,UDET: VALENTINE,Bi-207-8890 W8-435
67,8706,UDET: VALENTINE,Bi-207-8890 W8-435
67,8850,UDET: VALENTINE,Bi-207-8890 W8-435
72,8651,UDET: VALENTINE,Bi-207-9176 Y2-743
72,8705,UDET: VALENTINE,Bi-207-9176 Y2-743
72,8849,UDET: VALENTINE,Bi-207-9176 Y2-743
73,8650,UDET: VALENTINE,Bi-207-9176 Y2-743
73,8704,UDET: VALENTINE,Bi-207-9176 Y2-743
73,8844,UDET: VALENTINE,Bi-207-9176 Y2-743
75,8635,UDET: VALENTINE,Bi-207-9177 Y2-744
75,8692,UDET: VALENTINE,Bi-207-9177 Y2-744
75,8862,UDET: VALENTINE,Bi-207-9177 Y2-744
76,8622,UDET: VALENTINE,Bi-207-9177 Y2-744
76,8651,UDET: VALENTINE,Bi-207-9177 Y2-744
76,8681,UDET: VALENTINE,Bi-207-9177 Y2-744
76,8705,UDET: VALENTINE,Bi-207-9177 Y2-744
76,8849,UDET: VALENTINE,Bi-207-9177 Y2-744
77,8628,UDET: VALENTINE,Bi-207-9177 Y2-744
77,8637,UDET: VALENTINE,Bi-207-9177 Y2-744
77,8650,UDET: VALENTINE,Bi-207-9177 Y2-744
77,8687,UDET: VALENTINE,Bi-207-9177 Y2-744
77,8694,UDET: VALENTINE,Bi-207-9177 Y2-744
77,8704,UDET: VALENTINE,Bi-207-9177 Y2-744
77,8842,UDET: VALENTINE,Bi-207-9177 Y2-744
77,8844,UDET: VALENTINE,Bi-207-9177 Y2-744
77,8860,UDET: VALENTINE,Bi-207-9177 Y2-744
78,8624,UDET: VALENTINE,Bi-207-8890 X5-302
78,8683,UDET: VALENTINE,Bi-207-8890 X5-302
78,8834,UDET: VALENTINE,Bi-207-8890 X5-302
79,8630,UDET: VALENTINE,Bi-207-8890 X5-302
79,8651,UDET: VALENTINE,Bi-207-8890 W8-435
79,8689,UDET: VALENTINE,Bi-207-8890 X5-302
79,8705,UDET: VALENTINE,Bi-207-8890 W8-435
79,8840,UDET: VALENTINE,Bi-207-8890 X5-302
79,8849,UDET: VALENTINE,Bi-207-8890 W8-435
84,8626,UDET: VALENTINE,Bi-207-9176 Y2-743
84,8685,UDET: VALENTINE,Bi-207-9176 Y2-743
84,8837,UDET: VALENTINE,Bi-207-9176 Y2-743
85,8632,UDET: VALENTINE,Bi-207-9176 Y2-743
85,8691,UDET: VALENTINE,Bi-207-9176 Y2-743
85,8843,UDET: VALENTINE,Bi-207-9176 Y2-743
86,8644,UDET: VALENTINE,Bi-207-9177 Y2-744
86,8697,UDET: VALENTINE,Bi-207-9177 Y2-744
87,8644,UDET: VALENTINE,Bi-207-9177 Y2-744
87,8697,UDET: VALENTINE,Bi-207-9177 Y2-744
87,8863,UDET: VALENTINE,Bi-207-9177 Y2-744
88,8626,UDET: VALENTINE,Bi-207-9177 Y2-744
88,8632,UDET: VALENTINE,Bi-207-9177 Y2-744
88,8636,UDET: VALENTINE,Bi-207-8890 X5-302
88,8685,UDET: VALENTINE,Bi-207-9177 Y2-744
88,8691,UDET: VALENTINE,Bi-207-9177 Y2-744
88,8837,UDET: VALENTINE,Bi-207-9177 Y2-744
88,8843,UDET: VALENTINE,Bi-207-9177 Y2-744
88,8861,UDET: VALENTINE,Bi-207-8890 X5-302
89,8653,UDET: VALENTINE,Bi-207-8890 X5-302
89,8707,UDET: VALENTINE,Bi-207-8890 X5-302
89,8853,UDET: VALENTINE,Bi-207-8890 X5-302
90,8644,UDET: VALENTINE,Bi-207-8890 W8-435
90,8648,UDET: VALENTINE,Bi-207-8890 X5-302
90,8697,UDET: VALENTINE,Bi-207-8890 W8-435
90,8715,UDET: VALENTINE,Bi-207-8890 X5-302
90,8846,UDET: VALENTINE,Bi-207-8890 X5-302
90,8863,UDET: VALENTINE,Bi-207-8890 W8-435
94,8627,UDET: VALENTINE,Bi-207-9176 Y2-743
94,8659,UDET: VALENTINE,Bi-207-9176 Y2-743
94,8686,UDET: VALENTINE,Bi-207-9176 Y2-743
94,8712,UDET: VALENTINE,Bi-207-9176 Y2-743
94,8838,UDET: VALENTINE,Bi-207-9176 Y2-743
95,8830,UDET: VALENTINE,Bi-207-9176 Y2-743
97,8717,UDET: VALENTINE,Bi-207-9177 Y2-744
97,8825,UDET: VALENTINE,Bi-207-9177 Y2-744
97,8864,UDET: VALENTINE,Bi-207-9177 Y2-744
98,8627,UDET: VALENTINE,Bi-207-9177 Y2-744
98,8659,UDET: VALENTINE,Bi-207-9177 Y2-744
98,8686,UDET: VALENTINE,Bi-207-9177 Y2-744
98,8712,UDET: VALENTINE,Bi-207-9177 Y2-744
98,8838,UDET: VALENTINE,Bi-207-9177 Y2-744
99,8636,UDET: VALENTINE,Bi-207-8890 X5-302
99,8652,UDET: VALENTINE,Bi-207-8890 X5-302
99,8693,UDET: VALENTINE,Bi-207-8890 X5-302
99,8706,UDET: VALENTINE,Bi-207-8890 X5-302
99,8718,UDET: VALENTINE,Bi-207-9177 Y2-744
99,8830,UDET: VALENTINE,Bi-207-9177 Y2-744
99,8850,UDET: VALENTINE,Bi-207-8890 X5-302
99,8861,UDET: VALENTINE,Bi-207-8890 X5-302
100,8623,UDET: VALENTINE,Bi-207-8890 X5-302
100,8649,UDET: VALENTINE,Bi-207-8890 X5-302
100,8652,UDET: VALENTINE,Bi-207-8890 X5-302
100,8682,UDET: VALENTINE,Bi-207-8890 X5-302
100,8706,UDET: VALENTINE,Bi-207-8890 X5-302
100,8713,UDET: VALENTINE,Bi-207-8890 X5-302
100,8716,UDET: VALENTINE,Bi-207-8890 X5-302
100,8835,UDET: VALENTINE,Bi-207-8890 X5-302
100,8845,UDET: VALENTINE,Bi-207-8890 X5-302
101,8629,UDET: VALENTINE,Bi-207-8890 X5-302
101,8649,UDET: VALENTINE,Bi-207-8890 X5-302
101,8688,UDET: VALENTINE,Bi-207-8890 X5-302
101,8717,UDET: VALENTINE,Bi-207-8890 W8-435
101,8825,UDET: VALENTINE,Bi-207-8890 W8-435
101,8841,UDET: VALENTINE,Bi-207-8890 X5-302
101,8864,UDET: VALENTINE,Bi-207-8890 W8-435
102,8627,UDET: VALENTINE,Bi-207-8890 W8-435
102,8659,UDET: VALENTINE,Bi-207-8890 W8-435
102,8686,UDET: VALENTINE,Bi-207-8890 W8-435
102,8712,UDET: VALENTINE,Bi-207-8890 W8-435
102,8838,UDET: VALENTINE,Bi-207-8890 W8-435
107,8720,UDET: VALENTINE,Bi-207-9177 Y2-744
107,8826,UDET: VALENTINE,Bi-207-9177 Y2-744
107,8857,UDET: VALENTINE,Bi-207-9177 Y2-744
108,8719,UDET: VALENTINE,Bi-207-9177 Y2-744
108,8829,UDET: VALENTINE,Bi-207-9177 Y2-744
109,8622,UDET: VALENTINE,Bi-207-8890 X5-302
109,8651,UDET: VALENTINE,Bi-207-8890 X5-302
109,8681,UDET: VALENTINE,Bi-207-8890 X5-302
109,8705,UDET: VALENTINE,Bi-207-8890 X5-302
109,8849,UDET: VALENTINE,Bi-207-8890 X5-302
110,8628,UDET: VALENTINE,Bi-207-8890 X5-302
110,8687,UDET: VALENTINE,Bi-207-8890 X5-302
110,8842,UDET: VALENTINE,Bi-207-8890 X5-302
117,8651,UDET: VALENTINE,Bi-207-8890 X5-302
117,8705,UDET: VALENTINE,Bi-207-8890 X5-302
117,8849,UDET: VALENTINE,Bi-207-8890 X5-302
